{
  "almond-bancroft school district": [
    44.2645887,
    -89.4149358
  ],
  "argyle school district": [
    42.7012216,
    -89.8669854
  ],
  "bader hillel high": [
    43.140365,
    -87.9340603
  ],
  "barron area school district": [
    45.423557,
    -91.8454099
  ],
  "berlin area school district": [
    43.9684264,
    -88.9466233
  ],
  "blair-taylor school district": [
    44.2911843,
    -91.208753
  ],
  "boscobel area schools": [
    43.1346751,
    -90.7057398
  ],
  "campbellsport school district": [
    43.5981718,
    -88.2849664
  ],
  "cesa 1": null,
  "cesa 2": null,
  "cesa 5": null,
  "cesa 7": null,
  "chetek-weyerhaeuser area school district": [
    45.309305,
    -91.6619192
  ],
  "chippewa falls area unified school district": [
    44.9371325,
    -91.3932118
  ],
  "corpus christi parish school": null,
  "de soto area school district": [
    43.4230306,
    -91.1990204
  ],
  "delavan-darien school district": [
    42.6309356,
    -88.6614499
  ],
  "dodgeland school district": [
    43.4016194,
    -88.7166629
  ],
  "dover #1 kansasville": null,
  "east troy community school district": [
    42.7851871,
    -88.4054374
  ],
  "elkhorn area school district": [
    42.6719206,
    -88.543494
  ],
  "elmbrook schools": [
    43.0227593,
    -88.1684094
  ],
  "fox point-bayside school district": [
    43.1760575,
    -87.9116753
  ],
  "geneva joint 4 - woods school": null,
  "germantown school district": [
    43.2286174,
    -88.1103691
  ],
  "gibraltar": [
    45.1783678,
    -87.3025229
  ],
  "glendale-river hills school district": null,
  "hayward community schools": [
    46.0129676,
    -91.4848728
  ],
  "heritage christian schools": [
    43.018643,
    -88.0476792
  ],
  "holy hill area school district": [
    43.2444487,
    -88.32704
  ],
  "hope christian schools": [
    43.1786458,
    -88.0225466
  ],
  "howard-suamico school district": [
    44.5842757,
    -88.0253874
  ],
  "hudson school district": [
    44.9750953,
    -92.7554671
  ],
  "iola-scandinavia school district": [
    44.5020673,
    -89.1270679
  ],
  "iowa-grant school district": [
    42.9313785,
    -90.3967571
  ],
  "johnson creek school district": [
    43.0700694,
    -88.7859681
  ],
  "kiel": [
    43.912493,
    -88.0356515
  ],
  "lac du flambeau #1": [
    45.9702769,
    -89.8928015
  ],
  "lad lake": [
    43.0144033,
    -88.4506222
  ],
  "lake country classical academy": null,
  "lakeland uhs district": null,
  "manitowoc public school district": [
    44.0998341,
    -87.827992
  ],
  "markesan": [
    43.7073195,
    -88.9900685
  ],
  "menasha joint school district": [
    44.2022293,
    -88.4465361
  ],
  "mequon-thiensville school district": [
    43.2396327,
    -87.9859619
  ],
  "merton community school district": [
    43.1541501,
    -88.3695085
  ],
  "mmsd:capital high": [
    43.0690022,
    -89.439327
  ],
  "mmsd:crestwood": [
    43.0763026,
    -89.4820007
  ],
  "mmsd:franklin": [
    43.0554226,
    -89.3876581
  ],
  "mmsd:gompers": [
    43.1467126,
    -89.3697456
  ],
  "mmsd:henderson": [
    43.057534,
    -89.3120861
  ],
  "mmsd:innovative high": null,
  "mmsd:la follette": [
    43.0641796,
    -89.3199528
  ],
  "mmsd:lapham": [
    43.0854961,
    -89.3720388
  ],
  "mmsd:leopold": [
    43.0278428,
    -89.4213155
  ],
  "mmsd:lindbergh": [
    43.1434361,
    -89.3892471
  ],
  "mmsd:memorial": [
    43.0639225,
    -89.5010366
  ],
  "mmsd:mendota": [
    43.1370862,
    -89.3848164
  ],
  "mmsd:midvale": [
    43.0573476,
    -89.4501056
  ],
  "mmsd:nuestro mundo": null,
  "mmsd:o'keeffe": [
    43.0858389,
    -89.3579845
  ],
  "mmsd:orchard ridge": [
    43.0333441,
    -89.4746197
  ],
  "mmsd:schenk": [
    43.092265,
    -89.3247882
  ],
  "mmsd:sennett": null,
  "mmsd:west": [
    43.0686283,
    -89.4271064
  ],
  "mmsd:west high": [
    43.0686283,
    -89.4271064
  ],
  "mmsd:whitehorse": null,
  "mukwonago area school district": [
    42.8666803,
    -88.3334274
  ],
  "national heritage academies": null,
  "nativity jesuit academy": null,
  "necedah area school district": [
    44.0254284,
    -90.07213
  ],
  "nekoosa school district": [
    44.3154564,
    -89.8918206
  ],
  "new leaf prep academy": null,
  "north shore catholic schools": null,
  "north wisconsin district lcms": null,
  "oak creek-franklin joint school district": [
    42.9054721,
    -87.9265921
  ],
  "oconomowoc area school district": [
    43.1116731,
    -88.4992659
  ],
  "oconto falls public schools": [
    44.8747779,
    -88.1432681
  ],
  "osceola school district": [
    45.310284,
    -92.6814452
  ],
  "palmyra-eagle area school district": [
    42.8740009,
    -88.5928511
  ],
  "pathways high": [
    43.0529695,
    -87.9153682
  ],
  "plymouth joint school district": [
    43.7486054,
    -87.977038
  ],
  "port washington-saukville school district": null,
  "prairie du chien area school district": [
    43.05194,
    -91.1409933
  ],
  "prentice school district": [
    45.5459408,
    -90.2875802
  ],
  "raymond school district #14": [
    45.1049499,
    -87.6392639
  ],
  "richland school district": [
    43.3662526,
    -90.4557081
  ],
  "ripon area school district": [
    43.8442406,
    -88.8387158
  ],
  "school district of alma center": [
    44.4371047,
    -90.9126506
  ],
  "school district of ashland": [
    46.2062319,
    -90.6802594
  ],
  "school district of black hawk": [
    43.269156,
    -89.927346
  ],
  "school district of black river falls": [
    44.2952152,
    -90.8484137
  ],
  "school district of brown deer": [
    43.1744352,
    -87.972722
  ],
  "school district of clear lake": null,
  "school district of cudahy": [
    42.959738,
    -87.861471
  ],
  "school district of greenfield": [
    42.9596903,
    -87.98132
  ],
  "school district of greenwood": [
    44.7661835,
    -90.5982667
  ],
  "school district of hartford j1": [
    43.317744,
    -88.3788508
  ],
  "school district of holmen": [
    43.9632211,
    -91.2563658
  ],
  "school district of jefferson": [
    43.0224668,
    -88.7673031
  ],
  "school district of maple": [
    46.5896621,
    -91.7207434
  ],
  "school district of mauston": [
    43.7968543,
    -90.0756767
  ],
  "school district of menomonee falls": [
    43.1790768,
    -88.1170784
  ],
  "school district of mercer": [
    46.165642,
    -90.0633148
  ],
  "school district of milton": [
    42.7753567,
    -88.9390017
  ],
  "school district of oakfield": [
    43.6836929,
    -88.5474431
  ],
  "school district of phillips": [
    45.6900818,
    -90.3971021
  ],
  "school district of plum city": [
    44.6296289,
    -92.1925779
  ],
  "school district of river falls": [
    44.8596498,
    -92.6255048
  ],
  "school district of shiocton": [
    44.4420959,
    -88.5791057
  ],
  "school district of stratford": [
    44.8010763,
    -90.0792975
  ],
  "school district of waupaca": [
    44.4927889,
    -88.9650419
  ],
  "school district of westfield": [
    43.8856953,
    -89.493266
  ],
  "school district of wisconsin dells": [
    43.6256168,
    -89.7715646
  ],
  "seton school": null,
  "seymour community school district": [
    44.5429082,
    -88.312718
  ],
  "shorewood school district": [
    43.0883957,
    -87.8881302
  ],
  "siren school district": [
    45.7874336,
    -92.3819709
  ],
  "southern door county school district": [
    44.774689,
    -87.5246702
  ],
  "sparta area school district": [
    43.9732475,
    -90.8516564
  ],
  "st. bruno parish school": null,
  "st. francis school district": [
    42.9744081,
    -87.8709308
  ],
  "st. mary parish school (hales corners)": [
    42.9488989,
    -88.0335528
  ],
  "sturgeon bay school district": [
    44.8341639,
    -87.377042
  ],
  "superior school district": [
    46.4800042,
    -92.1829648
  ],
  "the richardson school": null,
  "tomorrow river school district": [
    44.4309644,
    -89.2759685
  ],